{
  "d" : [
    0,
    0,
    0,
    0,
    0
  ],
  "distortion_model" : "plumb_bob",
  "height" : 1440,
  "k" : [
    1368.0855712890625,
    0,
    956.18316650390625,
    0,
    1368.0855712890625,
    723.4677734375,
    0,
    0,
    1
  ],
  "p" : [
    1368.0855712890625,
    0,
    956.18316650390625,
    0,
    0,
    1368.0855712890625,
    723.4677734375,
    0,
    0,
    0,
    1,
    0
  ],
  "r" : [
    1,
    0,
    0,
    0,
    1,
    0,
    0,
    0,
    1
  ],
  "width" : 1920
}