{
  "d" : [
    0,
    0,
    0,
    0,
    0
  ],
  "distortion_model" : "plumb_bob",
  "height" : 1440,
  "k" : [
    1365.0838623046875,
    0,
    955.706298828125,
    0,
    1365.0838623046875,
    722.76898193359375,
    0,
    0,
    1
  ],
  "p" : [
    1365.0838623046875,
    0,
    955.706298828125,
    0,
    0,
    1365.0838623046875,
    722.76898193359375,
    0,
    0,
    0,
    1,
    0
  ],
  "r" : [
    1,
    0,
    0,
    0,
    1,
    0,
    0,
    0,
    1
  ],
  "width" : 1920
}