{
  "d" : [
    0,
    0,
    0,
    0,
    0
  ],
  "distortion_model" : "plumb_bob",
  "height" : 1440,
  "k" : [
    1363.3179931640625,
    0,
    955.900146484375,
    0,
    1363.3179931640625,
    722.2327880859375,
    0,
    0,
    1
  ],
  "p" : [
    1363.3179931640625,
    0,
    955.900146484375,
    0,
    0,
    1363.3179931640625,
    722.2327880859375,
    0,
    0,
    0,
    1,
    0
  ],
  "r" : [
    1,
    0,
    0,
    0,
    1,
    0,
    0,
    0,
    1
  ],
  "width" : 1920
}