{
  "d" : [
    0,
    0,
    0,
    0,
    0
  ],
  "distortion_model" : "plumb_bob",
  "height" : 1440,
  "k" : [
    1368.576904296875,
    0,
    955.347412109375,
    0,
    1368.576904296875,
    720.7635498046875,
    0,
    0,
    1
  ],
  "p" : [
    1368.576904296875,
    0,
    955.347412109375,
    0,
    0,
    1368.576904296875,
    720.7635498046875,
    0,
    0,
    0,
    1,
    0
  ],
  "r" : [
    1,
    0,
    0,
    0,
    1,
    0,
    0,
    0,
    1
  ],
  "width" : 1920
}