{
  "d" : [
    0,
    0,
    0,
    0,
    0
  ],
  "distortion_model" : "plumb_bob",
  "height" : 1440,
  "k" : [
    1362.8057861328125,
    0,
    955.712890625,
    0,
    1362.8057861328125,
    722.3074951171875,
    0,
    0,
    1
  ],
  "p" : [
    1362.8057861328125,
    0,
    955.712890625,
    0,
    0,
    1362.8057861328125,
    722.3074951171875,
    0,
    0,
    0,
    1,
    0
  ],
  "r" : [
    1,
    0,
    0,
    0,
    1,
    0,
    0,
    0,
    1
  ],
  "width" : 1920
}